index,NAME,DATASET_NAME,PATH_TO_ORIGINAL_IMAGE,MASK
0,Image_01L,CHASEDB1,D:\Dropbox (ARG@CS.FEI.VSB)\Dataset - retiny\images_from_doctor\ML\SEGMENTATION\VESSELS\datasets\CHASEDB1\Image_01L.jpg,D:\Dropbox (ARG@CS.FEI.VSB)\Dataset - retiny\images_from_doctor\ML\SEGMENTATION\VESSELS\datasets\CHASEDB1\Image_01L_1stHO.png
1,Image_01L,CHASEDB1,D:\Dropbox (ARG@CS.FEI.VSB)\Dataset - retiny\images_from_doctor\ML\SEGMENTATION\VESSELS\datasets\CHASEDB1\Image_01L.jpg,D:\Dropbox (ARG@CS.FEI.VSB)\Dataset - retiny\images_from_doctor\ML\SEGMENTATION\VESSELS\datasets\CHASEDB1\Image_01L_2ndHO.png
2,Image_01R,CHASEDB1,D:\Dropbox (ARG@CS.FEI.VSB)\Dataset - retiny\images_from_doctor\ML\SEGMENTATION\VESSELS\datasets\CHASEDB1\Image_01R.jpg,D:\Dropbox (ARG@CS.FEI.VSB)\Dataset - retiny\images_from_doctor\ML\SEGMENTATION\VESSELS\datasets\CHASEDB1\Image_01R_1stHO.png
3,Image_01R,CHASEDB1,D:\Dropbox (ARG@CS.FEI.VSB)\Dataset - retiny\images_from_doctor\ML\SEGMENTATION\VESSELS\datasets\CHASEDB1\Image_01R.jpg,D:\Dropbox (ARG@CS.FEI.VSB)\Dataset - retiny\images_from_doctor\ML\SEGMENTATION\VESSELS\datasets\CHASEDB1\Image_01R_2ndHO.png
4,Image_02L,CHASEDB1,D:\Dropbox (ARG@CS.FEI.VSB)\Dataset - retiny\images_from_doctor\ML\SEGMENTATION\VESSELS\datasets\CHASEDB1\Image_02L.jpg,D:\Dropbox (ARG@CS.FEI.VSB)\Dataset - retiny\images_from_doctor\ML\SEGMENTATION\VESSELS\datasets\CHASEDB1\Image_02L_1stHO.png
5,Image_02L,CHASEDB1,D:\Dropbox (ARG@CS.FEI.VSB)\Dataset - retiny\images_from_doctor\ML\SEGMENTATION\VESSELS\datasets\CHASEDB1\Image_02L.jpg,D:\Dropbox (ARG@CS.FEI.VSB)\Dataset - retiny\images_from_doctor\ML\SEGMENTATION\VESSELS\datasets\CHASEDB1\Image_02L_2ndHO.png
6,Image_02R,CHASEDB1,D:\Dropbox (ARG@CS.FEI.VSB)\Dataset - retiny\images_from_doctor\ML\SEGMENTATION\VESSELS\datasets\CHASEDB1\Image_02R.jpg,D:\Dropbox (ARG@CS.FEI.VSB)\Dataset - retiny\images_from_doctor\ML\SEGMENTATION\VESSELS\datasets\CHASEDB1\Image_02R_1stHO.png
7,Image_02R,CHASEDB1,D:\Dropbox (ARG@CS.FEI.VSB)\Dataset - retiny\images_from_doctor\ML\SEGMENTATION\VESSELS\datasets\CHASEDB1\Image_02R.jpg,D:\Dropbox (ARG@CS.FEI.VSB)\Dataset - retiny\images_from_doctor\ML\SEGMENTATION\VESSELS\datasets\CHASEDB1\Image_02R_2ndHO.png
8,Image_03L,CHASEDB1,D:\Dropbox (ARG@CS.FEI.VSB)\Dataset - retiny\images_from_doctor\ML\SEGMENTATION\VESSELS\datasets\CHASEDB1\Image_03L.jpg,D:\Dropbox (ARG@CS.FEI.VSB)\Dataset - retiny\images_from_doctor\ML\SEGMENTATION\VESSELS\datasets\CHASEDB1\Image_03L_1stHO.png
9,Image_03L,CHASEDB1,D:\Dropbox (ARG@CS.FEI.VSB)\Dataset - retiny\images_from_doctor\ML\SEGMENTATION\VESSELS\datasets\CHASEDB1\Image_03L.jpg,D:\Dropbox (ARG@CS.FEI.VSB)\Dataset - retiny\images_from_doctor\ML\SEGMENTATION\VESSELS\datasets\CHASEDB1\Image_03L_2ndHO.png
10,Image_03R,CHASEDB1,D:\Dropbox (ARG@CS.FEI.VSB)\Dataset - retiny\images_from_doctor\ML\SEGMENTATION\VESSELS\datasets\CHASEDB1\Image_03R.jpg,D:\Dropbox (ARG@CS.FEI.VSB)\Dataset - retiny\images_from_doctor\ML\SEGMENTATION\VESSELS\datasets\CHASEDB1\Image_03R_1stHO.png
11,Image_03R,CHASEDB1,D:\Dropbox (ARG@CS.FEI.VSB)\Dataset - retiny\images_from_doctor\ML\SEGMENTATION\VESSELS\datasets\CHASEDB1\Image_03R.jpg,D:\Dropbox (ARG@CS.FEI.VSB)\Dataset - retiny\images_from_doctor\ML\SEGMENTATION\VESSELS\datasets\CHASEDB1\Image_03R_2ndHO.png
12,Image_04L,CHASEDB1,D:\Dropbox (ARG@CS.FEI.VSB)\Dataset - retiny\images_from_doctor\ML\SEGMENTATION\VESSELS\datasets\CHASEDB1\Image_04L.jpg,D:\Dropbox (ARG@CS.FEI.VSB)\Dataset - retiny\images_from_doctor\ML\SEGMENTATION\VESSELS\datasets\CHASEDB1\Image_04L_1stHO.png
13,Image_04L,CHASEDB1,D:\Dropbox (ARG@CS.FEI.VSB)\Dataset - retiny\images_from_doctor\ML\SEGMENTATION\VESSELS\datasets\CHASEDB1\Image_04L.jpg,D:\Dropbox (ARG@CS.FEI.VSB)\Dataset - retiny\images_from_doctor\ML\SEGMENTATION\VESSELS\datasets\CHASEDB1\Image_04L_2ndHO.png
14,Image_04R,CHASEDB1,D:\Dropbox (ARG@CS.FEI.VSB)\Dataset - retiny\images_from_doctor\ML\SEGMENTATION\VESSELS\datasets\CHASEDB1\Image_04R.jpg,D:\Dropbox (ARG@CS.FEI.VSB)\Dataset - retiny\images_from_doctor\ML\SEGMENTATION\VESSELS\datasets\CHASEDB1\Image_04R_1stHO.png
15,Image_04R,CHASEDB1,D:\Dropbox (ARG@CS.FEI.VSB)\Dataset - retiny\images_from_doctor\ML\SEGMENTATION\VESSELS\datasets\CHASEDB1\Image_04R.jpg,D:\Dropbox (ARG@CS.FEI.VSB)\Dataset - retiny\images_from_doctor\ML\SEGMENTATION\VESSELS\datasets\CHASEDB1\Image_04R_2ndHO.png
16,Image_05L,CHASEDB1,D:\Dropbox (ARG@CS.FEI.VSB)\Dataset - retiny\images_from_doctor\ML\SEGMENTATION\VESSELS\datasets\CHASEDB1\Image_05L.jpg,D:\Dropbox (ARG@CS.FEI.VSB)\Dataset - retiny\images_from_doctor\ML\SEGMENTATION\VESSELS\datasets\CHASEDB1\Image_05L_1stHO.png
17,Image_05L,CHASEDB1,D:\Dropbox (ARG@CS.FEI.VSB)\Dataset - retiny\images_from_doctor\ML\SEGMENTATION\VESSELS\datasets\CHASEDB1\Image_05L.jpg,D:\Dropbox (ARG@CS.FEI.VSB)\Dataset - retiny\images_from_doctor\ML\SEGMENTATION\VESSELS\datasets\CHASEDB1\Image_05L_2ndHO.png
18,Image_05R,CHASEDB1,D:\Dropbox (ARG@CS.FEI.VSB)\Dataset - retiny\images_from_doctor\ML\SEGMENTATION\VESSELS\datasets\CHASEDB1\Image_05R.jpg,D:\Dropbox (ARG@CS.FEI.VSB)\Dataset - retiny\images_from_doctor\ML\SEGMENTATION\VESSELS\datasets\CHASEDB1\Image_05R_1stHO.png
19,Image_05R,CHASEDB1,D:\Dropbox (ARG@CS.FEI.VSB)\Dataset - retiny\images_from_doctor\ML\SEGMENTATION\VESSELS\datasets\CHASEDB1\Image_05R.jpg,D:\Dropbox (ARG@CS.FEI.VSB)\Dataset - retiny\images_from_doctor\ML\SEGMENTATION\VESSELS\datasets\CHASEDB1\Image_05R_2ndHO.png
20,Image_06L,CHASEDB1,D:\Dropbox (ARG@CS.FEI.VSB)\Dataset - retiny\images_from_doctor\ML\SEGMENTATION\VESSELS\datasets\CHASEDB1\Image_06L.jpg,D:\Dropbox (ARG@CS.FEI.VSB)\Dataset - retiny\images_from_doctor\ML\SEGMENTATION\VESSELS\datasets\CHASEDB1\Image_06L_1stHO.png
21,Image_06L,CHASEDB1,D:\Dropbox (ARG@CS.FEI.VSB)\Dataset - retiny\images_from_doctor\ML\SEGMENTATION\VESSELS\datasets\CHASEDB1\Image_06L.jpg,D:\Dropbox (ARG@CS.FEI.VSB)\Dataset - retiny\images_from_doctor\ML\SEGMENTATION\VESSELS\datasets\CHASEDB1\Image_06L_2ndHO.png
22,Image_06R,CHASEDB1,D:\Dropbox (ARG@CS.FEI.VSB)\Dataset - retiny\images_from_doctor\ML\SEGMENTATION\VESSELS\datasets\CHASEDB1\Image_06R.jpg,D:\Dropbox (ARG@CS.FEI.VSB)\Dataset - retiny\images_from_doctor\ML\SEGMENTATION\VESSELS\datasets\CHASEDB1\Image_06R_1stHO.png
23,Image_06R,CHASEDB1,D:\Dropbox (ARG@CS.FEI.VSB)\Dataset - retiny\images_from_doctor\ML\SEGMENTATION\VESSELS\datasets\CHASEDB1\Image_06R.jpg,D:\Dropbox (ARG@CS.FEI.VSB)\Dataset - retiny\images_from_doctor\ML\SEGMENTATION\VESSELS\datasets\CHASEDB1\Image_06R_2ndHO.png
24,Image_07L,CHASEDB1,D:\Dropbox (ARG@CS.FEI.VSB)\Dataset - retiny\images_from_doctor\ML\SEGMENTATION\VESSELS\datasets\CHASEDB1\Image_07L.jpg,D:\Dropbox (ARG@CS.FEI.VSB)\Dataset - retiny\images_from_doctor\ML\SEGMENTATION\VESSELS\datasets\CHASEDB1\Image_07L_1stHO.png
25,Image_07L,CHASEDB1,D:\Dropbox (ARG@CS.FEI.VSB)\Dataset - retiny\images_from_doctor\ML\SEGMENTATION\VESSELS\datasets\CHASEDB1\Image_07L.jpg,D:\Dropbox (ARG@CS.FEI.VSB)\Dataset - retiny\images_from_doctor\ML\SEGMENTATION\VESSELS\datasets\CHASEDB1\Image_07L_2ndHO.png
26,Image_07R,CHASEDB1,D:\Dropbox (ARG@CS.FEI.VSB)\Dataset - retiny\images_from_doctor\ML\SEGMENTATION\VESSELS\datasets\CHASEDB1\Image_07R.jpg,D:\Dropbox (ARG@CS.FEI.VSB)\Dataset - retiny\images_from_doctor\ML\SEGMENTATION\VESSELS\datasets\CHASEDB1\Image_07R_1stHO.png
27,Image_07R,CHASEDB1,D:\Dropbox (ARG@CS.FEI.VSB)\Dataset - retiny\images_from_doctor\ML\SEGMENTATION\VESSELS\datasets\CHASEDB1\Image_07R.jpg,D:\Dropbox (ARG@CS.FEI.VSB)\Dataset - retiny\images_from_doctor\ML\SEGMENTATION\VESSELS\datasets\CHASEDB1\Image_07R_2ndHO.png
28,Image_08L,CHASEDB1,D:\Dropbox (ARG@CS.FEI.VSB)\Dataset - retiny\images_from_doctor\ML\SEGMENTATION\VESSELS\datasets\CHASEDB1\Image_08L.jpg,D:\Dropbox (ARG@CS.FEI.VSB)\Dataset - retiny\images_from_doctor\ML\SEGMENTATION\VESSELS\datasets\CHASEDB1\Image_08L_1stHO.png
29,Image_08L,CHASEDB1,D:\Dropbox (ARG@CS.FEI.VSB)\Dataset - retiny\images_from_doctor\ML\SEGMENTATION\VESSELS\datasets\CHASEDB1\Image_08L.jpg,D:\Dropbox (ARG@CS.FEI.VSB)\Dataset - retiny\images_from_doctor\ML\SEGMENTATION\VESSELS\datasets\CHASEDB1\Image_08L_2ndHO.png
30,Image_08R,CHASEDB1,D:\Dropbox (ARG@CS.FEI.VSB)\Dataset - retiny\images_from_doctor\ML\SEGMENTATION\VESSELS\datasets\CHASEDB1\Image_08R.jpg,D:\Dropbox (ARG@CS.FEI.VSB)\Dataset - retiny\images_from_doctor\ML\SEGMENTATION\VESSELS\datasets\CHASEDB1\Image_08R_1stHO.png
31,Image_08R,CHASEDB1,D:\Dropbox (ARG@CS.FEI.VSB)\Dataset - retiny\images_from_doctor\ML\SEGMENTATION\VESSELS\datasets\CHASEDB1\Image_08R.jpg,D:\Dropbox (ARG@CS.FEI.VSB)\Dataset - retiny\images_from_doctor\ML\SEGMENTATION\VESSELS\datasets\CHASEDB1\Image_08R_2ndHO.png
32,Image_09L,CHASEDB1,D:\Dropbox (ARG@CS.FEI.VSB)\Dataset - retiny\images_from_doctor\ML\SEGMENTATION\VESSELS\datasets\CHASEDB1\Image_09L.jpg,D:\Dropbox (ARG@CS.FEI.VSB)\Dataset - retiny\images_from_doctor\ML\SEGMENTATION\VESSELS\datasets\CHASEDB1\Image_09L_1stHO.png
33,Image_09L,CHASEDB1,D:\Dropbox (ARG@CS.FEI.VSB)\Dataset - retiny\images_from_doctor\ML\SEGMENTATION\VESSELS\datasets\CHASEDB1\Image_09L.jpg,D:\Dropbox (ARG@CS.FEI.VSB)\Dataset - retiny\images_from_doctor\ML\SEGMENTATION\VESSELS\datasets\CHASEDB1\Image_09L_2ndHO.png
34,Image_09R,CHASEDB1,D:\Dropbox (ARG@CS.FEI.VSB)\Dataset - retiny\images_from_doctor\ML\SEGMENTATION\VESSELS\datasets\CHASEDB1\Image_09R.jpg,D:\Dropbox (ARG@CS.FEI.VSB)\Dataset - retiny\images_from_doctor\ML\SEGMENTATION\VESSELS\datasets\CHASEDB1\Image_09R_1stHO.png
35,Image_09R,CHASEDB1,D:\Dropbox (ARG@CS.FEI.VSB)\Dataset - retiny\images_from_doctor\ML\SEGMENTATION\VESSELS\datasets\CHASEDB1\Image_09R.jpg,D:\Dropbox (ARG@CS.FEI.VSB)\Dataset - retiny\images_from_doctor\ML\SEGMENTATION\VESSELS\datasets\CHASEDB1\Image_09R_2ndHO.png
36,Image_10L,CHASEDB1,D:\Dropbox (ARG@CS.FEI.VSB)\Dataset - retiny\images_from_doctor\ML\SEGMENTATION\VESSELS\datasets\CHASEDB1\Image_10L.jpg,D:\Dropbox (ARG@CS.FEI.VSB)\Dataset - retiny\images_from_doctor\ML\SEGMENTATION\VESSELS\datasets\CHASEDB1\Image_10L_1stHO.png
37,Image_10L,CHASEDB1,D:\Dropbox (ARG@CS.FEI.VSB)\Dataset - retiny\images_from_doctor\ML\SEGMENTATION\VESSELS\datasets\CHASEDB1\Image_10L.jpg,D:\Dropbox (ARG@CS.FEI.VSB)\Dataset - retiny\images_from_doctor\ML\SEGMENTATION\VESSELS\datasets\CHASEDB1\Image_10L_2ndHO.png
38,Image_10R,CHASEDB1,D:\Dropbox (ARG@CS.FEI.VSB)\Dataset - retiny\images_from_doctor\ML\SEGMENTATION\VESSELS\datasets\CHASEDB1\Image_10R.jpg,D:\Dropbox (ARG@CS.FEI.VSB)\Dataset - retiny\images_from_doctor\ML\SEGMENTATION\VESSELS\datasets\CHASEDB1\Image_10R_1stHO.png
39,Image_10R,CHASEDB1,D:\Dropbox (ARG@CS.FEI.VSB)\Dataset - retiny\images_from_doctor\ML\SEGMENTATION\VESSELS\datasets\CHASEDB1\Image_10R.jpg,D:\Dropbox (ARG@CS.FEI.VSB)\Dataset - retiny\images_from_doctor\ML\SEGMENTATION\VESSELS\datasets\CHASEDB1\Image_10R_2ndHO.png
40,Image_11L,CHASEDB1,D:\Dropbox (ARG@CS.FEI.VSB)\Dataset - retiny\images_from_doctor\ML\SEGMENTATION\VESSELS\datasets\CHASEDB1\Image_11L.jpg,D:\Dropbox (ARG@CS.FEI.VSB)\Dataset - retiny\images_from_doctor\ML\SEGMENTATION\VESSELS\datasets\CHASEDB1\Image_11L_1stHO.png
41,Image_11L,CHASEDB1,D:\Dropbox (ARG@CS.FEI.VSB)\Dataset - retiny\images_from_doctor\ML\SEGMENTATION\VESSELS\datasets\CHASEDB1\Image_11L.jpg,D:\Dropbox (ARG@CS.FEI.VSB)\Dataset - retiny\images_from_doctor\ML\SEGMENTATION\VESSELS\datasets\CHASEDB1\Image_11L_2ndHO.png
42,Image_11R,CHASEDB1,D:\Dropbox (ARG@CS.FEI.VSB)\Dataset - retiny\images_from_doctor\ML\SEGMENTATION\VESSELS\datasets\CHASEDB1\Image_11R.jpg,D:\Dropbox (ARG@CS.FEI.VSB)\Dataset - retiny\images_from_doctor\ML\SEGMENTATION\VESSELS\datasets\CHASEDB1\Image_11R_1stHO.png
43,Image_11R,CHASEDB1,D:\Dropbox (ARG@CS.FEI.VSB)\Dataset - retiny\images_from_doctor\ML\SEGMENTATION\VESSELS\datasets\CHASEDB1\Image_11R.jpg,D:\Dropbox (ARG@CS.FEI.VSB)\Dataset - retiny\images_from_doctor\ML\SEGMENTATION\VESSELS\datasets\CHASEDB1\Image_11R_2ndHO.png
44,Image_12L,CHASEDB1,D:\Dropbox (ARG@CS.FEI.VSB)\Dataset - retiny\images_from_doctor\ML\SEGMENTATION\VESSELS\datasets\CHASEDB1\Image_12L.jpg,D:\Dropbox (ARG@CS.FEI.VSB)\Dataset - retiny\images_from_doctor\ML\SEGMENTATION\VESSELS\datasets\CHASEDB1\Image_12L_1stHO.png
45,Image_12L,CHASEDB1,D:\Dropbox (ARG@CS.FEI.VSB)\Dataset - retiny\images_from_doctor\ML\SEGMENTATION\VESSELS\datasets\CHASEDB1\Image_12L.jpg,D:\Dropbox (ARG@CS.FEI.VSB)\Dataset - retiny\images_from_doctor\ML\SEGMENTATION\VESSELS\datasets\CHASEDB1\Image_12L_2ndHO.png
46,Image_12R,CHASEDB1,D:\Dropbox (ARG@CS.FEI.VSB)\Dataset - retiny\images_from_doctor\ML\SEGMENTATION\VESSELS\datasets\CHASEDB1\Image_12R.jpg,D:\Dropbox (ARG@CS.FEI.VSB)\Dataset - retiny\images_from_doctor\ML\SEGMENTATION\VESSELS\datasets\CHASEDB1\Image_12R_1stHO.png
47,Image_12R,CHASEDB1,D:\Dropbox (ARG@CS.FEI.VSB)\Dataset - retiny\images_from_doctor\ML\SEGMENTATION\VESSELS\datasets\CHASEDB1\Image_12R.jpg,D:\Dropbox (ARG@CS.FEI.VSB)\Dataset - retiny\images_from_doctor\ML\SEGMENTATION\VESSELS\datasets\CHASEDB1\Image_12R_2ndHO.png
48,Image_13L,CHASEDB1,D:\Dropbox (ARG@CS.FEI.VSB)\Dataset - retiny\images_from_doctor\ML\SEGMENTATION\VESSELS\datasets\CHASEDB1\Image_13L.jpg,D:\Dropbox (ARG@CS.FEI.VSB)\Dataset - retiny\images_from_doctor\ML\SEGMENTATION\VESSELS\datasets\CHASEDB1\Image_13L_1stHO.png
49,Image_13L,CHASEDB1,D:\Dropbox (ARG@CS.FEI.VSB)\Dataset - retiny\images_from_doctor\ML\SEGMENTATION\VESSELS\datasets\CHASEDB1\Image_13L.jpg,D:\Dropbox (ARG@CS.FEI.VSB)\Dataset - retiny\images_from_doctor\ML\SEGMENTATION\VESSELS\datasets\CHASEDB1\Image_13L_2ndHO.png
50,Image_13R,CHASEDB1,D:\Dropbox (ARG@CS.FEI.VSB)\Dataset - retiny\images_from_doctor\ML\SEGMENTATION\VESSELS\datasets\CHASEDB1\Image_13R.jpg,D:\Dropbox (ARG@CS.FEI.VSB)\Dataset - retiny\images_from_doctor\ML\SEGMENTATION\VESSELS\datasets\CHASEDB1\Image_13R_1stHO.png
51,Image_13R,CHASEDB1,D:\Dropbox (ARG@CS.FEI.VSB)\Dataset - retiny\images_from_doctor\ML\SEGMENTATION\VESSELS\datasets\CHASEDB1\Image_13R.jpg,D:\Dropbox (ARG@CS.FEI.VSB)\Dataset - retiny\images_from_doctor\ML\SEGMENTATION\VESSELS\datasets\CHASEDB1\Image_13R_2ndHO.png
52,Image_14L,CHASEDB1,D:\Dropbox (ARG@CS.FEI.VSB)\Dataset - retiny\images_from_doctor\ML\SEGMENTATION\VESSELS\datasets\CHASEDB1\Image_14L.jpg,D:\Dropbox (ARG@CS.FEI.VSB)\Dataset - retiny\images_from_doctor\ML\SEGMENTATION\VESSELS\datasets\CHASEDB1\Image_14L_1stHO.png
53,Image_14L,CHASEDB1,D:\Dropbox (ARG@CS.FEI.VSB)\Dataset - retiny\images_from_doctor\ML\SEGMENTATION\VESSELS\datasets\CHASEDB1\Image_14L.jpg,D:\Dropbox (ARG@CS.FEI.VSB)\Dataset - retiny\images_from_doctor\ML\SEGMENTATION\VESSELS\datasets\CHASEDB1\Image_14L_2ndHO.png
54,Image_14R,CHASEDB1,D:\Dropbox (ARG@CS.FEI.VSB)\Dataset - retiny\images_from_doctor\ML\SEGMENTATION\VESSELS\datasets\CHASEDB1\Image_14R.jpg,D:\Dropbox (ARG@CS.FEI.VSB)\Dataset - retiny\images_from_doctor\ML\SEGMENTATION\VESSELS\datasets\CHASEDB1\Image_14R_1stHO.png
55,Image_14R,CHASEDB1,D:\Dropbox (ARG@CS.FEI.VSB)\Dataset - retiny\images_from_doctor\ML\SEGMENTATION\VESSELS\datasets\CHASEDB1\Image_14R.jpg,D:\Dropbox (ARG@CS.FEI.VSB)\Dataset - retiny\images_from_doctor\ML\SEGMENTATION\VESSELS\datasets\CHASEDB1\Image_14R_2ndHO.png
0,21_training,DRIVE,D:\Dropbox (ARG@CS.FEI.VSB)\Dataset - retiny\images_from_doctor\ML\SEGMENTATION\VESSELS\datasets\DRIVE\training\images\21_training.tif,D:\Dropbox (ARG@CS.FEI.VSB)\Dataset - retiny\images_from_doctor\ML\SEGMENTATION\VESSELS\datasets\DRIVE\training\1st_manual\21_manual1.gif
1,22_training,DRIVE,D:\Dropbox (ARG@CS.FEI.VSB)\Dataset - retiny\images_from_doctor\ML\SEGMENTATION\VESSELS\datasets\DRIVE\training\images\22_training.tif,D:\Dropbox (ARG@CS.FEI.VSB)\Dataset - retiny\images_from_doctor\ML\SEGMENTATION\VESSELS\datasets\DRIVE\training\1st_manual\22_manual1.gif
2,23_training,DRIVE,D:\Dropbox (ARG@CS.FEI.VSB)\Dataset - retiny\images_from_doctor\ML\SEGMENTATION\VESSELS\datasets\DRIVE\training\images\23_training.tif,D:\Dropbox (ARG@CS.FEI.VSB)\Dataset - retiny\images_from_doctor\ML\SEGMENTATION\VESSELS\datasets\DRIVE\training\1st_manual\23_manual1.gif
3,24_training,DRIVE,D:\Dropbox (ARG@CS.FEI.VSB)\Dataset - retiny\images_from_doctor\ML\SEGMENTATION\VESSELS\datasets\DRIVE\training\images\24_training.tif,D:\Dropbox (ARG@CS.FEI.VSB)\Dataset - retiny\images_from_doctor\ML\SEGMENTATION\VESSELS\datasets\DRIVE\training\1st_manual\24_manual1.gif
4,25_training,DRIVE,D:\Dropbox (ARG@CS.FEI.VSB)\Dataset - retiny\images_from_doctor\ML\SEGMENTATION\VESSELS\datasets\DRIVE\training\images\25_training.tif,D:\Dropbox (ARG@CS.FEI.VSB)\Dataset - retiny\images_from_doctor\ML\SEGMENTATION\VESSELS\datasets\DRIVE\training\1st_manual\25_manual1.gif
5,26_training,DRIVE,D:\Dropbox (ARG@CS.FEI.VSB)\Dataset - retiny\images_from_doctor\ML\SEGMENTATION\VESSELS\datasets\DRIVE\training\images\26_training.tif,D:\Dropbox (ARG@CS.FEI.VSB)\Dataset - retiny\images_from_doctor\ML\SEGMENTATION\VESSELS\datasets\DRIVE\training\1st_manual\26_manual1.gif
6,27_training,DRIVE,D:\Dropbox (ARG@CS.FEI.VSB)\Dataset - retiny\images_from_doctor\ML\SEGMENTATION\VESSELS\datasets\DRIVE\training\images\27_training.tif,D:\Dropbox (ARG@CS.FEI.VSB)\Dataset - retiny\images_from_doctor\ML\SEGMENTATION\VESSELS\datasets\DRIVE\training\1st_manual\27_manual1.gif
7,28_training,DRIVE,D:\Dropbox (ARG@CS.FEI.VSB)\Dataset - retiny\images_from_doctor\ML\SEGMENTATION\VESSELS\datasets\DRIVE\training\images\28_training.tif,D:\Dropbox (ARG@CS.FEI.VSB)\Dataset - retiny\images_from_doctor\ML\SEGMENTATION\VESSELS\datasets\DRIVE\training\1st_manual\28_manual1.gif
8,29_training,DRIVE,D:\Dropbox (ARG@CS.FEI.VSB)\Dataset - retiny\images_from_doctor\ML\SEGMENTATION\VESSELS\datasets\DRIVE\training\images\29_training.tif,D:\Dropbox (ARG@CS.FEI.VSB)\Dataset - retiny\images_from_doctor\ML\SEGMENTATION\VESSELS\datasets\DRIVE\training\1st_manual\29_manual1.gif
9,30_training,DRIVE,D:\Dropbox (ARG@CS.FEI.VSB)\Dataset - retiny\images_from_doctor\ML\SEGMENTATION\VESSELS\datasets\DRIVE\training\images\30_training.tif,D:\Dropbox (ARG@CS.FEI.VSB)\Dataset - retiny\images_from_doctor\ML\SEGMENTATION\VESSELS\datasets\DRIVE\training\1st_manual\30_manual1.gif
10,31_training,DRIVE,D:\Dropbox (ARG@CS.FEI.VSB)\Dataset - retiny\images_from_doctor\ML\SEGMENTATION\VESSELS\datasets\DRIVE\training\images\31_training.tif,D:\Dropbox (ARG@CS.FEI.VSB)\Dataset - retiny\images_from_doctor\ML\SEGMENTATION\VESSELS\datasets\DRIVE\training\1st_manual\31_manual1.gif
11,32_training,DRIVE,D:\Dropbox (ARG@CS.FEI.VSB)\Dataset - retiny\images_from_doctor\ML\SEGMENTATION\VESSELS\datasets\DRIVE\training\images\32_training.tif,D:\Dropbox (ARG@CS.FEI.VSB)\Dataset - retiny\images_from_doctor\ML\SEGMENTATION\VESSELS\datasets\DRIVE\training\1st_manual\32_manual1.gif
12,33_training,DRIVE,D:\Dropbox (ARG@CS.FEI.VSB)\Dataset - retiny\images_from_doctor\ML\SEGMENTATION\VESSELS\datasets\DRIVE\training\images\33_training.tif,D:\Dropbox (ARG@CS.FEI.VSB)\Dataset - retiny\images_from_doctor\ML\SEGMENTATION\VESSELS\datasets\DRIVE\training\1st_manual\33_manual1.gif
13,34_training,DRIVE,D:\Dropbox (ARG@CS.FEI.VSB)\Dataset - retiny\images_from_doctor\ML\SEGMENTATION\VESSELS\datasets\DRIVE\training\images\34_training.tif,D:\Dropbox (ARG@CS.FEI.VSB)\Dataset - retiny\images_from_doctor\ML\SEGMENTATION\VESSELS\datasets\DRIVE\training\1st_manual\34_manual1.gif
14,35_training,DRIVE,D:\Dropbox (ARG@CS.FEI.VSB)\Dataset - retiny\images_from_doctor\ML\SEGMENTATION\VESSELS\datasets\DRIVE\training\images\35_training.tif,D:\Dropbox (ARG@CS.FEI.VSB)\Dataset - retiny\images_from_doctor\ML\SEGMENTATION\VESSELS\datasets\DRIVE\training\1st_manual\35_manual1.gif
15,36_training,DRIVE,D:\Dropbox (ARG@CS.FEI.VSB)\Dataset - retiny\images_from_doctor\ML\SEGMENTATION\VESSELS\datasets\DRIVE\training\images\36_training.tif,D:\Dropbox (ARG@CS.FEI.VSB)\Dataset - retiny\images_from_doctor\ML\SEGMENTATION\VESSELS\datasets\DRIVE\training\1st_manual\36_manual1.gif
16,37_training,DRIVE,D:\Dropbox (ARG@CS.FEI.VSB)\Dataset - retiny\images_from_doctor\ML\SEGMENTATION\VESSELS\datasets\DRIVE\training\images\37_training.tif,D:\Dropbox (ARG@CS.FEI.VSB)\Dataset - retiny\images_from_doctor\ML\SEGMENTATION\VESSELS\datasets\DRIVE\training\1st_manual\37_manual1.gif
17,38_training,DRIVE,D:\Dropbox (ARG@CS.FEI.VSB)\Dataset - retiny\images_from_doctor\ML\SEGMENTATION\VESSELS\datasets\DRIVE\training\images\38_training.tif,D:\Dropbox (ARG@CS.FEI.VSB)\Dataset - retiny\images_from_doctor\ML\SEGMENTATION\VESSELS\datasets\DRIVE\training\1st_manual\38_manual1.gif
18,39_training,DRIVE,D:\Dropbox (ARG@CS.FEI.VSB)\Dataset - retiny\images_from_doctor\ML\SEGMENTATION\VESSELS\datasets\DRIVE\training\images\39_training.tif,D:\Dropbox (ARG@CS.FEI.VSB)\Dataset - retiny\images_from_doctor\ML\SEGMENTATION\VESSELS\datasets\DRIVE\training\1st_manual\39_manual1.gif
19,40_training,DRIVE,D:\Dropbox (ARG@CS.FEI.VSB)\Dataset - retiny\images_from_doctor\ML\SEGMENTATION\VESSELS\datasets\DRIVE\training\images\40_training.tif,D:\Dropbox (ARG@CS.FEI.VSB)\Dataset - retiny\images_from_doctor\ML\SEGMENTATION\VESSELS\datasets\DRIVE\training\1st_manual\40_manual1.gif
0,im0001,STARE,D:\Dropbox (ARG@CS.FEI.VSB)\Dataset - retiny\images_from_doctor\ML\SEGMENTATION\VESSELS\datasets\STARE\vessels\stare-images\im0001.ppm\im0001.ppm,D:\Dropbox (ARG@CS.FEI.VSB)\Dataset - retiny\images_from_doctor\ML\SEGMENTATION\VESSELS\datasets\STARE\vessels\labels-ah\im0001.ah.ppm\im0001.ah.ppm
1,im0002,STARE,D:\Dropbox (ARG@CS.FEI.VSB)\Dataset - retiny\images_from_doctor\ML\SEGMENTATION\VESSELS\datasets\STARE\vessels\stare-images\im0002.ppm\im0002.ppm,D:\Dropbox (ARG@CS.FEI.VSB)\Dataset - retiny\images_from_doctor\ML\SEGMENTATION\VESSELS\datasets\STARE\vessels\labels-ah\im0002.ah.ppm\im0002.ah.ppm
2,im0003,STARE,D:\Dropbox (ARG@CS.FEI.VSB)\Dataset - retiny\images_from_doctor\ML\SEGMENTATION\VESSELS\datasets\STARE\vessels\stare-images\im0003.ppm\im0003.ppm,D:\Dropbox (ARG@CS.FEI.VSB)\Dataset - retiny\images_from_doctor\ML\SEGMENTATION\VESSELS\datasets\STARE\vessels\labels-ah\im0003.ah.ppm\im0003.ah.ppm
3,im0004,STARE,D:\Dropbox (ARG@CS.FEI.VSB)\Dataset - retiny\images_from_doctor\ML\SEGMENTATION\VESSELS\datasets\STARE\vessels\stare-images\im0004.ppm\im0004.ppm,D:\Dropbox (ARG@CS.FEI.VSB)\Dataset - retiny\images_from_doctor\ML\SEGMENTATION\VESSELS\datasets\STARE\vessels\labels-ah\im0004.ah.ppm\im0004.ah.ppm
4,im0005,STARE,D:\Dropbox (ARG@CS.FEI.VSB)\Dataset - retiny\images_from_doctor\ML\SEGMENTATION\VESSELS\datasets\STARE\vessels\stare-images\im0005.ppm\im0005.ppm,D:\Dropbox (ARG@CS.FEI.VSB)\Dataset - retiny\images_from_doctor\ML\SEGMENTATION\VESSELS\datasets\STARE\vessels\labels-ah\im0005.ah.ppm\im0005.ah.ppm
5,im0044,STARE,D:\Dropbox (ARG@CS.FEI.VSB)\Dataset - retiny\images_from_doctor\ML\SEGMENTATION\VESSELS\datasets\STARE\vessels\stare-images\im0044.ppm\im0044.ppm,D:\Dropbox (ARG@CS.FEI.VSB)\Dataset - retiny\images_from_doctor\ML\SEGMENTATION\VESSELS\datasets\STARE\vessels\labels-ah\im0044.ah.ppm\im0044.ah.ppm
6,im0077,STARE,D:\Dropbox (ARG@CS.FEI.VSB)\Dataset - retiny\images_from_doctor\ML\SEGMENTATION\VESSELS\datasets\STARE\vessels\stare-images\im0077.ppm\im0077.ppm,D:\Dropbox (ARG@CS.FEI.VSB)\Dataset - retiny\images_from_doctor\ML\SEGMENTATION\VESSELS\datasets\STARE\vessels\labels-ah\im0077.ah.ppm\im0077.ah.ppm
7,im0081,STARE,D:\Dropbox (ARG@CS.FEI.VSB)\Dataset - retiny\images_from_doctor\ML\SEGMENTATION\VESSELS\datasets\STARE\vessels\stare-images\im0081.ppm\im0081.ppm,D:\Dropbox (ARG@CS.FEI.VSB)\Dataset - retiny\images_from_doctor\ML\SEGMENTATION\VESSELS\datasets\STARE\vessels\labels-ah\im0081.ah.ppm\im0081.ah.ppm
8,im0082,STARE,D:\Dropbox (ARG@CS.FEI.VSB)\Dataset - retiny\images_from_doctor\ML\SEGMENTATION\VESSELS\datasets\STARE\vessels\stare-images\im0082.ppm\im0082.ppm,D:\Dropbox (ARG@CS.FEI.VSB)\Dataset - retiny\images_from_doctor\ML\SEGMENTATION\VESSELS\datasets\STARE\vessels\labels-ah\im0082.ah.ppm\im0082.ah.ppm
9,im0139,STARE,D:\Dropbox (ARG@CS.FEI.VSB)\Dataset - retiny\images_from_doctor\ML\SEGMENTATION\VESSELS\datasets\STARE\vessels\stare-images\im0139.ppm\im0139.ppm,D:\Dropbox (ARG@CS.FEI.VSB)\Dataset - retiny\images_from_doctor\ML\SEGMENTATION\VESSELS\datasets\STARE\vessels\labels-ah\im0139.ah.ppm\im0139.ah.ppm
10,im0162,STARE,D:\Dropbox (ARG@CS.FEI.VSB)\Dataset - retiny\images_from_doctor\ML\SEGMENTATION\VESSELS\datasets\STARE\vessels\stare-images\im0162.ppm\im0162.ppm,D:\Dropbox (ARG@CS.FEI.VSB)\Dataset - retiny\images_from_doctor\ML\SEGMENTATION\VESSELS\datasets\STARE\vessels\labels-ah\im0162.ah.ppm\im0162.ah.ppm
11,im0163,STARE,D:\Dropbox (ARG@CS.FEI.VSB)\Dataset - retiny\images_from_doctor\ML\SEGMENTATION\VESSELS\datasets\STARE\vessels\stare-images\im0163.ppm\im0163.ppm,D:\Dropbox (ARG@CS.FEI.VSB)\Dataset - retiny\images_from_doctor\ML\SEGMENTATION\VESSELS\datasets\STARE\vessels\labels-ah\im0163.ah.ppm\im0163.ah.ppm
12,im0235,STARE,D:\Dropbox (ARG@CS.FEI.VSB)\Dataset - retiny\images_from_doctor\ML\SEGMENTATION\VESSELS\datasets\STARE\vessels\stare-images\im0235.ppm\im0235.ppm,D:\Dropbox (ARG@CS.FEI.VSB)\Dataset - retiny\images_from_doctor\ML\SEGMENTATION\VESSELS\datasets\STARE\vessels\labels-ah\im0235.ah.ppm\im0235.ah.ppm
13,im0236,STARE,D:\Dropbox (ARG@CS.FEI.VSB)\Dataset - retiny\images_from_doctor\ML\SEGMENTATION\VESSELS\datasets\STARE\vessels\stare-images\im0236.ppm\im0236.ppm,D:\Dropbox (ARG@CS.FEI.VSB)\Dataset - retiny\images_from_doctor\ML\SEGMENTATION\VESSELS\datasets\STARE\vessels\labels-ah\im0236.ah.ppm\im0236.ah.ppm
14,im0239,STARE,D:\Dropbox (ARG@CS.FEI.VSB)\Dataset - retiny\images_from_doctor\ML\SEGMENTATION\VESSELS\datasets\STARE\vessels\stare-images\im0239.ppm\im0239.ppm,D:\Dropbox (ARG@CS.FEI.VSB)\Dataset - retiny\images_from_doctor\ML\SEGMENTATION\VESSELS\datasets\STARE\vessels\labels-ah\im0239.ah.ppm\im0239.ah.ppm
15,im0240,STARE,D:\Dropbox (ARG@CS.FEI.VSB)\Dataset - retiny\images_from_doctor\ML\SEGMENTATION\VESSELS\datasets\STARE\vessels\stare-images\im0240.ppm\im0240.ppm,D:\Dropbox (ARG@CS.FEI.VSB)\Dataset - retiny\images_from_doctor\ML\SEGMENTATION\VESSELS\datasets\STARE\vessels\labels-ah\im0240.ah.ppm\im0240.ah.ppm
16,im0255,STARE,D:\Dropbox (ARG@CS.FEI.VSB)\Dataset - retiny\images_from_doctor\ML\SEGMENTATION\VESSELS\datasets\STARE\vessels\stare-images\im0255.ppm\im0255.ppm,D:\Dropbox (ARG@CS.FEI.VSB)\Dataset - retiny\images_from_doctor\ML\SEGMENTATION\VESSELS\datasets\STARE\vessels\labels-ah\im0255.ah.ppm\im0255.ah.ppm
17,im0291,STARE,D:\Dropbox (ARG@CS.FEI.VSB)\Dataset - retiny\images_from_doctor\ML\SEGMENTATION\VESSELS\datasets\STARE\vessels\stare-images\im0291.ppm\im0291.ppm,D:\Dropbox (ARG@CS.FEI.VSB)\Dataset - retiny\images_from_doctor\ML\SEGMENTATION\VESSELS\datasets\STARE\vessels\labels-ah\im0291.ah.ppm\im0291.ah.ppm
18,im0319,STARE,D:\Dropbox (ARG@CS.FEI.VSB)\Dataset - retiny\images_from_doctor\ML\SEGMENTATION\VESSELS\datasets\STARE\vessels\stare-images\im0319.ppm\im0319.ppm,D:\Dropbox (ARG@CS.FEI.VSB)\Dataset - retiny\images_from_doctor\ML\SEGMENTATION\VESSELS\datasets\STARE\vessels\labels-ah\im0319.ah.ppm\im0319.ah.ppm
19,im0324,STARE,D:\Dropbox (ARG@CS.FEI.VSB)\Dataset - retiny\images_from_doctor\ML\SEGMENTATION\VESSELS\datasets\STARE\vessels\stare-images\im0324.ppm\im0324.ppm,D:\Dropbox (ARG@CS.FEI.VSB)\Dataset - retiny\images_from_doctor\ML\SEGMENTATION\VESSELS\datasets\STARE\vessels\labels-ah\im0324.ah.ppm\im0324.ah.ppm
0,im0001,STARE,D:\Dropbox (ARG@CS.FEI.VSB)\Dataset - retiny\images_from_doctor\ML\SEGMENTATION\VESSELS\datasets\STARE\vessels\stare-images\im0001.ppm\im0001.ppm,D:\Dropbox (ARG@CS.FEI.VSB)\Dataset - retiny\images_from_doctor\ML\SEGMENTATION\VESSELS\datasets\STARE\vessels\labels-vk\im0001.vk.ppm\im0001.vk.ppm
1,im0002,STARE,D:\Dropbox (ARG@CS.FEI.VSB)\Dataset - retiny\images_from_doctor\ML\SEGMENTATION\VESSELS\datasets\STARE\vessels\stare-images\im0002.ppm\im0002.ppm,D:\Dropbox (ARG@CS.FEI.VSB)\Dataset - retiny\images_from_doctor\ML\SEGMENTATION\VESSELS\datasets\STARE\vessels\labels-vk\im0002.vk.ppm\im0002.vk.ppm
2,im0003,STARE,D:\Dropbox (ARG@CS.FEI.VSB)\Dataset - retiny\images_from_doctor\ML\SEGMENTATION\VESSELS\datasets\STARE\vessels\stare-images\im0003.ppm\im0003.ppm,D:\Dropbox (ARG@CS.FEI.VSB)\Dataset - retiny\images_from_doctor\ML\SEGMENTATION\VESSELS\datasets\STARE\vessels\labels-vk\im0003.vk.ppm\im0003.vk.ppm
3,im0004,STARE,D:\Dropbox (ARG@CS.FEI.VSB)\Dataset - retiny\images_from_doctor\ML\SEGMENTATION\VESSELS\datasets\STARE\vessels\stare-images\im0004.ppm\im0004.ppm,D:\Dropbox (ARG@CS.FEI.VSB)\Dataset - retiny\images_from_doctor\ML\SEGMENTATION\VESSELS\datasets\STARE\vessels\labels-vk\im0004.vk.ppm\im0004.vk.ppm
4,im0005,STARE,D:\Dropbox (ARG@CS.FEI.VSB)\Dataset - retiny\images_from_doctor\ML\SEGMENTATION\VESSELS\datasets\STARE\vessels\stare-images\im0005.ppm\im0005.ppm,D:\Dropbox (ARG@CS.FEI.VSB)\Dataset - retiny\images_from_doctor\ML\SEGMENTATION\VESSELS\datasets\STARE\vessels\labels-vk\im0005.vk.ppm\im0005.vk.ppm
5,im0044,STARE,D:\Dropbox (ARG@CS.FEI.VSB)\Dataset - retiny\images_from_doctor\ML\SEGMENTATION\VESSELS\datasets\STARE\vessels\stare-images\im0044.ppm\im0044.ppm,D:\Dropbox (ARG@CS.FEI.VSB)\Dataset - retiny\images_from_doctor\ML\SEGMENTATION\VESSELS\datasets\STARE\vessels\labels-vk\im0044.vk.ppm\im0044.vk.ppm
6,im0077,STARE,D:\Dropbox (ARG@CS.FEI.VSB)\Dataset - retiny\images_from_doctor\ML\SEGMENTATION\VESSELS\datasets\STARE\vessels\stare-images\im0077.ppm\im0077.ppm,D:\Dropbox (ARG@CS.FEI.VSB)\Dataset - retiny\images_from_doctor\ML\SEGMENTATION\VESSELS\datasets\STARE\vessels\labels-vk\im0077.vk.ppm\im0077.vk.ppm
7,im0081,STARE,D:\Dropbox (ARG@CS.FEI.VSB)\Dataset - retiny\images_from_doctor\ML\SEGMENTATION\VESSELS\datasets\STARE\vessels\stare-images\im0081.ppm\im0081.ppm,D:\Dropbox (ARG@CS.FEI.VSB)\Dataset - retiny\images_from_doctor\ML\SEGMENTATION\VESSELS\datasets\STARE\vessels\labels-vk\im0081.vk.ppm\im0081.vk.ppm
8,im0082,STARE,D:\Dropbox (ARG@CS.FEI.VSB)\Dataset - retiny\images_from_doctor\ML\SEGMENTATION\VESSELS\datasets\STARE\vessels\stare-images\im0082.ppm\im0082.ppm,D:\Dropbox (ARG@CS.FEI.VSB)\Dataset - retiny\images_from_doctor\ML\SEGMENTATION\VESSELS\datasets\STARE\vessels\labels-vk\im0082.vk.ppm\im0082.vk.ppm
9,im0139,STARE,D:\Dropbox (ARG@CS.FEI.VSB)\Dataset - retiny\images_from_doctor\ML\SEGMENTATION\VESSELS\datasets\STARE\vessels\stare-images\im0139.ppm\im0139.ppm,D:\Dropbox (ARG@CS.FEI.VSB)\Dataset - retiny\images_from_doctor\ML\SEGMENTATION\VESSELS\datasets\STARE\vessels\labels-vk\im0139.vk.ppm\im0139.vk.ppm
10,im0162,STARE,D:\Dropbox (ARG@CS.FEI.VSB)\Dataset - retiny\images_from_doctor\ML\SEGMENTATION\VESSELS\datasets\STARE\vessels\stare-images\im0162.ppm\im0162.ppm,D:\Dropbox (ARG@CS.FEI.VSB)\Dataset - retiny\images_from_doctor\ML\SEGMENTATION\VESSELS\datasets\STARE\vessels\labels-vk\im0162.vk.ppm\im0162.vk.ppm
11,im0163,STARE,D:\Dropbox (ARG@CS.FEI.VSB)\Dataset - retiny\images_from_doctor\ML\SEGMENTATION\VESSELS\datasets\STARE\vessels\stare-images\im0163.ppm\im0163.ppm,D:\Dropbox (ARG@CS.FEI.VSB)\Dataset - retiny\images_from_doctor\ML\SEGMENTATION\VESSELS\datasets\STARE\vessels\labels-vk\im0163.vk.ppm\im0163.vk.ppm
12,im0235,STARE,D:\Dropbox (ARG@CS.FEI.VSB)\Dataset - retiny\images_from_doctor\ML\SEGMENTATION\VESSELS\datasets\STARE\vessels\stare-images\im0235.ppm\im0235.ppm,D:\Dropbox (ARG@CS.FEI.VSB)\Dataset - retiny\images_from_doctor\ML\SEGMENTATION\VESSELS\datasets\STARE\vessels\labels-vk\im0235.vk.ppm\im0235.vk.ppm
13,im0236,STARE,D:\Dropbox (ARG@CS.FEI.VSB)\Dataset - retiny\images_from_doctor\ML\SEGMENTATION\VESSELS\datasets\STARE\vessels\stare-images\im0236.ppm\im0236.ppm,D:\Dropbox (ARG@CS.FEI.VSB)\Dataset - retiny\images_from_doctor\ML\SEGMENTATION\VESSELS\datasets\STARE\vessels\labels-vk\im0236.vk.ppm\im0236.vk.ppm
14,im0239,STARE,D:\Dropbox (ARG@CS.FEI.VSB)\Dataset - retiny\images_from_doctor\ML\SEGMENTATION\VESSELS\datasets\STARE\vessels\stare-images\im0239.ppm\im0239.ppm,D:\Dropbox (ARG@CS.FEI.VSB)\Dataset - retiny\images_from_doctor\ML\SEGMENTATION\VESSELS\datasets\STARE\vessels\labels-vk\im0239.vk.ppm\im0239.vk.ppm
15,im0240,STARE,D:\Dropbox (ARG@CS.FEI.VSB)\Dataset - retiny\images_from_doctor\ML\SEGMENTATION\VESSELS\datasets\STARE\vessels\stare-images\im0240.ppm\im0240.ppm,D:\Dropbox (ARG@CS.FEI.VSB)\Dataset - retiny\images_from_doctor\ML\SEGMENTATION\VESSELS\datasets\STARE\vessels\labels-vk\im0240.vk.ppm\im0240.vk.ppm
16,im0255,STARE,D:\Dropbox (ARG@CS.FEI.VSB)\Dataset - retiny\images_from_doctor\ML\SEGMENTATION\VESSELS\datasets\STARE\vessels\stare-images\im0255.ppm\im0255.ppm,D:\Dropbox (ARG@CS.FEI.VSB)\Dataset - retiny\images_from_doctor\ML\SEGMENTATION\VESSELS\datasets\STARE\vessels\labels-vk\im0255.vk.ppm\im0255.vk.ppm
17,im0291,STARE,D:\Dropbox (ARG@CS.FEI.VSB)\Dataset - retiny\images_from_doctor\ML\SEGMENTATION\VESSELS\datasets\STARE\vessels\stare-images\im0291.ppm\im0291.ppm,D:\Dropbox (ARG@CS.FEI.VSB)\Dataset - retiny\images_from_doctor\ML\SEGMENTATION\VESSELS\datasets\STARE\vessels\labels-vk\im0291.vk.ppm\im0291.vk.ppm
18,im0319,STARE,D:\Dropbox (ARG@CS.FEI.VSB)\Dataset - retiny\images_from_doctor\ML\SEGMENTATION\VESSELS\datasets\STARE\vessels\stare-images\im0319.ppm\im0319.ppm,D:\Dropbox (ARG@CS.FEI.VSB)\Dataset - retiny\images_from_doctor\ML\SEGMENTATION\VESSELS\datasets\STARE\vessels\labels-vk\im0319.vk.ppm\im0319.vk.ppm
19,im0324,STARE,D:\Dropbox (ARG@CS.FEI.VSB)\Dataset - retiny\images_from_doctor\ML\SEGMENTATION\VESSELS\datasets\STARE\vessels\stare-images\im0324.ppm\im0324.ppm,D:\Dropbox (ARG@CS.FEI.VSB)\Dataset - retiny\images_from_doctor\ML\SEGMENTATION\VESSELS\datasets\STARE\vessels\labels-vk\im0324.vk.ppm\im0324.vk.ppm
